chrom1	start1	end1	chrom2	start2	end2	count
chr2	10000000	10010000	chr2	10000000	10010000	59
chr2	10000000	10010000	chr2	10010000	10020000	46
chr2	10000000	10010000	chr2	10020000	10030000	32
chr2	10000000	10010000	chr2	10030000	10040000	14
chr2	10000000	10010000	chr2	10040000	10050000	16
chr2	10000000	10010000	chr2	10050000	10060000	4
chr2	10000000	10010000	chr2	10060000	10070000	5
chr2	10000000	10010000	chr2	10070000	10080000	4
chr2	10000000	10010000	chr2	10080000	10090000	8
chr2	10000000	10010000	chr2	10090000	10100000	13
chr2	10000000	10010000	chr2	10100000	10110000	15
chr2	10000000	10010000	chr2	10110000	10120000	3
chr2	10000000	10010000	chr2	10120000	10130000	1
chr2	10000000	10010000	chr2	10130000	10140000	7
chr2	10000000	10010000	chr2	10140000	10150000	4
chr2	10000000	10010000	chr2	10150000	10160000	4
chr2	10000000	10010000	chr2	10160000	10170000	3
chr2	10000000	10010000	chr2	10170000	10180000	1
chr2	10000000	10010000	chr2	10180000	10190000	4
chr2	10000000	10010000	chr2	10190000	10200000	1
chr2	10000000	10010000	chr2	10200000	10210000	1
chr2	10000000	10010000	chr2	10210000	10220000	3
chr2	10000000	10010000	chr2	10220000	10230000	1
chr2	10000000	10010000	chr2	10230000	10240000	2
chr2	10000000	10010000	chr2	10240000	10250000	1
chr2	10000000	10010000	chr2	10250000	10260000	2
chr2	10000000	10010000	chr2	10260000	10270000	2
chr2	10000000	10010000	chr2	10270000	10280000	6
chr2	10000000	10010000	chr2	10280000	10290000	4
chr2	10000000	10010000	chr2	10290000	10300000	8
chr2	10000000	10010000	chr2	10300000	10310000	2
chr2	10000000	10010000	chr2	10310000	10320000	1
chr2	10000000	10010000	chr2	10320000	10330000	2
chr2	10000000	10010000	chr2	10330000	10340000	1
chr2	10000000	10010000	chr2	10340000	10350000	3
chr2	10000000	10010000	chr2	10350000	10360000	1
chr2	10000000	10010000	chr2	10360000	10370000	2
chr2	10000000	10010000	chr2	10370000	10380000	1
chr2	10000000	10010000	chr2	10380000	10390000	2
chr2	10000000	10010000	chr2	10390000	10400000	1
chr2	10000000	10010000	chr2	10400000	10410000	1
chr2	10000000	10010000	chr2	10410000	10420000	2
chr2	10000000	10010000	chr2	10420000	10430000	1
chr2	10000000	10010000	chr2	10460000	10470000	1
chr2	10000000	10010000	chr2	10490000	10500000	2
chr2	10000000	10010000	chr2	10510000	10520000	2
chr2	10000000	10010000	chr2	10540000	10550000	1
chr2	10000000	10010000	chr2	10560000	10570000	2
chr2	10000000	10010000	chr2	10590000	10600000	1
